[
   {
      "dir" : [
         "D:\\Downloads",
         "G:\\建筑考试教学视频\\环球-一建-建筑",
         "G:\\建筑考试教学视频\\二建\\建筑",
         "G:\\建筑考试教学视频\\二建\\管理",
         "G:\\建筑考试教学视频\\二建\\管理\\233",
         "C:\\Users\\Administrator\\Downloads",
         "C:\\Users\\qqazl001\\Desktop",
         "G:\\",
         "D:\\360Downloads"
      ],
      "host" : "127.0.0.1",
      "name" : "本地磁盘",
      "port" : 6808,
      "token" : "pandownload"
   }
]